{"title":"DVD Project Jan 25","config":{"root":"src"},"pages":[{"path":"/amazon-dataset","source":"/amazon-dataset.md","title":"Amazon dataset Dashboard"},{"path":"/domestic-vs-international","source":"/domestic-vs-international.md","title":"Domestic Vs International Sales"},{"path":"/","source":"/index.md"},{"path":"/international-dataset","source":"/international-dataset.md","title":"International Sales Report"},{"path":"/product-sales-wrt-time","source":"/product-sales-wrt-time.md","title":"Product Sales WRT Time"},{"path":"/state-wise-sales","source":"/state-wise-sales.md","title":"State Wise Sales (Domestic)"}],"modules":[],"files":[]}